{
  "max_len": 35,
  "actual_vocab_size": 8001,
  "embedding_dim": 200,
  "lstm_units": 200,
  "training_samples": 330139,
  "final_train_accuracy": 0.30844607949256897,
  "final_val_accuracy": 0.19865813851356506,
  "best_val_accuracy": 0.19865813851356506,
  "final_train_loss": 3.375674247741699,
  "final_val_loss": 5.532482624053955,
  "epochs_trained": 20,
  "best_epoch": 20
}