{
  "accuracy": [
    0.06492651253938675,
    0.07647400349378586,
    0.08909732848405838,
    0.12101693451404572,
    0.1400562971830368,
    0.1501769721508026,
    0.1571710705757141,
    0.16452990472316742,
    0.16980816423892975,
    0.17456111311912537,
    0.17934159934520721,
    0.18367937207221985,
    0.18721427023410797,
    0.19149468839168549,
    0.1954057812690735,
    0.19876863062381744,
    0.20305822789669037,
    0.20622380077838898,
    0.21003396809101105,
    0.21288299560546875
  ],
  "val_accuracy": [
    0.09747213125228882,
    0.10325273871421814,
    0.12109923362731934,
    0.1501307487487793,
    0.16035234928131104,
    0.166325643658638,
    0.1685277819633484,
    0.17285865545272827,
    0.1768224984407425,
    0.17728127539157867,
    0.17874936759471893,
    0.17875854671001434,
    0.17981374263763428,
    0.18143780529499054,
    0.18153874576091766,
    0.18175895512104034,
    0.1836216002702713,
    0.18426388502120972,
    0.18443822860717773,
    0.1840069741010666
  ],
  "loss": [
    6.491776466369629,
    6.222566604614258,
    6.107267379760742,
    5.824169635772705,
    5.538488388061523,
    5.351596832275391,
    5.207920074462891,
    5.081851959228516,
    4.970398426055908,
    4.867982864379883,
    4.776299476623535,
    4.690993309020996,
    4.612875461578369,
    4.541250705718994,
    4.476248741149902,
    4.414830207824707,
    4.359567642211914,
    4.308610439300537,
    4.259616851806641,
    4.215419292449951
  ],
  "val_loss": [
    6.305936813354492,
    6.192119121551514,
    6.058752536773682,
    5.734584331512451,
    5.572013854980469,
    5.4659953117370605,
    5.405716896057129,
    5.35827112197876,
    5.328174114227295,
    5.305448055267334,
    5.289422988891602,
    5.291736125946045,
    5.287044525146484,
    5.286443710327148,
    5.285901069641113,
    5.291996479034424,
    5.29536771774292,
    5.307469844818115,
    5.318458557128906,
    5.328192710876465
  ]
}