{
  "accuracy": [
    0.1016618013381958,
    0.1487821340560913,
    0.16641108691692352,
    0.17982590198516846,
    0.19284315407276154,
    0.20571653544902802,
    0.21818478405475616,
    0.228248730301857,
    0.2385890781879425,
    0.246453195810318,
    0.26604345440864563,
    0.2727073132991791,
    0.27784907817840576,
    0.2821502983570099,
    0.28656890988349915,
    0.2985941469669342,
    0.30218732357025146,
    0.30333080887794495,
    0.30579566955566406,
    0.30844607949256897
  ],
  "val_accuracy": [
    0.15064820647239685,
    0.1633094996213913,
    0.1714121252298355,
    0.17471376061439514,
    0.1786060482263565,
    0.18036288022994995,
    0.1845429241657257,
    0.1836039274930954,
    0.18601199984550476,
    0.18852607905864716,
    0.1905100792646408,
    0.19193372130393982,
    0.19411462545394897,
    0.1942509263753891,
    0.19617435336112976,
    0.19685587286949158,
    0.19684073328971863,
    0.1975374072790146,
    0.19774943590164185,
    0.19865813851356506
  ],
  "loss": [
    6.097165107727051,
    5.38037633895874,
    5.059957027435303,
    4.812026500701904,
    4.601241588592529,
    4.416588306427002,
    4.260931491851807,
    4.133038520812988,
    4.01945161819458,
    3.9233195781707764,
    3.7341387271881104,
    3.673701286315918,
    3.6241605281829834,
    3.5821239948272705,
    3.546776056289673,
    3.456115245819092,
    3.428262233734131,
    3.4109208583831787,
    3.3953053951263428,
    3.375674247741699
  ],
  "val_loss": [
    5.6903605461120605,
    5.483950138092041,
    5.390947341918945,
    5.358255386352539,
    5.348949432373047,
    5.361814022064209,
    5.3788347244262695,
    5.400172710418701,
    5.413330554962158,
    5.427365303039551,
    5.444860458374023,
    5.464688777923584,
    5.473651885986328,
    5.4891037940979,
    5.5026984214782715,
    5.507592678070068,
    5.514310359954834,
    5.517382621765137,
    5.524244785308838,
    5.532482624053955
  ]
}